"","id","establishmentMeans","order","family","genus","scientificName","taxonRank"
"1","urn:lsid:zoobank.org:act:6EA26016-AA16-45D8-9D36-D78C925882E4","Endémico para: Colombia","Myliobatiformes","Potamotrygonidae","Potamotrygon","Potamotrygon magdalenae","Especie"
"2","urn:lsid:zoobank.org:act:FDD955BA-9FF7-4440-9FC9-906025E86FB8","Endémico para: Colombia","Characiformes","Crenuchidae","Characidium","Characidium caucanum","Especie"
"3","urn:lsid:zoobank.org:act:DD25AADA-BFDC-46CA-88C9-37AA76784503","Endémico para: Colombia","Characiformes","Crenuchidae","Characidium","Characidium chancoense","Especie"
"4","urn:lsid:zoobank.org:act:8FF98695-5F2D-449D-B315-7E9F5A6C6254","Endémico para: Colombia","Characiformes","Crenuchidae","Characidium","Characidium phoxocephalum","Especie"
"5","urn:lsid:zoobank.org:act:DDB4BF0A-27A2-4EC8-B211-AFACD8585EF6","Endémico para: Colombia","Characiformes","Crenuchidae","Characidium","Characidium sanctjohanni","Especie"
"6","urn:lsid:catalogueoflife.org:taxon:15ed263a-d35f-11e6-9d3f-bc764e092680:col20170428","Endémico para: Colombia","Characiformes","Parodontidae","Parodon","Parodon alfonsoi","Especie"
"7","urn:lsid:catalogueoflife.org:taxon:15ed2799-d35f-11e6-9d3f-bc764e092680:col20170428","Endémico para: Colombia","Characiformes","Parodontidae","Parodon","Parodon atratoensis","Especie"
"8","urn:lsid:zoobank.org:act:2B1FD88B-7EF6-4479-AC91-15558715C4B3","Endémico para: Colombia","Characiformes","Parodontidae","Parodon","Parodon caliensis","Especie"
"9","urn:lsid:catalogueoflife.org:taxon:15ed24dd-d35f-11e6-9d3f-bc764e092680:col20170428","Endémico para: Colombia","Characiformes","Parodontidae","Parodon","Parodon magdalenensis","Especie"
"10","urn:lsid:catalogueoflife.org:taxon:46deabec-d35f-11e6-9d3f-bc764e092680:col20170428","Endémico para: Colombia","Characiformes","Anostomidae","Abramites","Abramites eques","Especie"
"11","urn:lsid:zoobank.org:act:CB71D5E7-0E42-4866-AE2B-ECFC507FA8D5","Endémico para: Colombia","Characiformes","Anostomidae","Leporinus","Leporinus boehlkei","Especie"
"12","urn:lsid:zoobank.org:act:0E60FBA9-BD47-4318-BB31-788FAE668393","Endémico para: Colombia","Characiformes","Anostomidae","Leporinus","Leporinus niceforoi","Especie"
"13","urn:lsid:zoobank.org:act:E16C2CA0-3DD0-4F9C-8B9C-21FCBD15FC0F","Endémico para: Colombia","Characiformes","Anostomidae","Megaleporinus","Megaleporinus muyscorum","Especie"
"14","urn:lsid:zoobank.org:act:FC2FFB6E-2807-4A2D-B3F2-D27E6113C554","Endémico para: Colombia","Characiformes","Curimatidae","Curimata","Curimata mivartii","Especie"
"15","urn:lsid:zoobank.org:act:82F4EA28-5E8A-42F2-9FD1-8C5B339A8158","Endémico para: Colombia","Characiformes","Curimatidae","Pseudocurimata","Pseudocurimata patiae","Especie"
"16","urn:lsid:catalogueoflife.org:taxon:219b68fb-d35f-11e6-9d3f-bc764e092680:col20170428","Endémico para: Colombia","Characiformes","Curimatidae","Steindachnerina","Steindachnerina atratoensis","Especie"
"17","urn:lsid:zoobank.org:act:59E3B33F-1AA9-4286-B8EE-CA5332710F7E","Endémico para: Colombia","Characiformes","Prochilodontidae","Ichthyoelephas","Ichthyoelephas longirostris","Especie"
"18","urn:lsid:catalogueoflife.org:taxon:2f8283bd-d35f-11e6-9d3f-bc764e092680:col20170428","Endémico para: Colombia","Characiformes","Prochilodontidae","Prochilodus","Prochilodus magdalenae","Especie"
"19","urn:lsid:catalogueoflife.org:taxon:15ea3c53-d35f-11e6-9d3f-bc764e092680:col20170428","Endémico para: Colombia","Characiformes","Lebiasinidae","Lebiasina","Lebiasina chocoensis","Especie"
"20","urn:lsid:zoobank.org:act:620E10F3-AEB2-4EF7-8D92-2972F092A6FE","Endémico para: Colombia","Characiformes","Lebiasinidae","Lebiasina","Lebiasina chucuriensis","Especie"
"21","urn:lsid:catalogueoflife.org:taxon:1669d90b-d35f-11e6-9d3f-bc764e092680:col20170428","Endémico para: Colombia","Characiformes","Lebiasinidae","Lebiasina","Lebiasina colombia","Especie"
"22","urn:lsid:zoobank.org:act:925FDC60-AAF6-41EE-A5EB-69D7CFB28A6E","Endémico para: Colombia","Characiformes","Lebiasinidae","Lebiasina","Lebiasina floridablancaensis","Especie"
"23","urn:lsid:zoobank.org:act:A0B14094-BB54-4DBC-A5C3-B69BC366387C","Endémico para: Colombia","Characiformes","Lebiasinidae","Lebiasina","Lebiasina multimaculata","Especie"
"24","urn:lsid:zoobank.org:act:C1352E29-BAA1-4E5E-8501-AF5F84A2DC39","Endémico para: Colombia","Characiformes","Lebiasinidae","Lebiasina","Lebiasina narinensis","Especie"
"25","urn:lsid:catalogueoflife.org:taxon:16691297-d35f-11e6-9d3f-bc764e092680:col20170428","Endémico para: Colombia","Characiformes","Lebiasinidae","Lebiasina","Lebiasina ortegai","Especie"
"26","urn:lsid:zoobank.org:act:20C76C07-BF8B-4442-B69E-3C4E05E3D6DE","Endémico para: Colombia","Characiformes","Acestrorhynchidae","Gilbertolus","Gilbertolus alatus","Especie"
"27","urn:lsid:catalogueoflife.org:taxon:215f7195-d35f-11e6-9d3f-bc764e092680:col20170428","Endémico para: Colombia","Characiformes","Acestrorhynchidae","Gilbertolus","Gilbertolus atratoensis","Especie"
"28","urn:lsid:zoobank.org:act:C6EF3C12-0DF7-4568-8848-BD520A2B9C09","Endémico para: Colombia","Characiformes","Characidae","Grundulus","Grundulus bogotensis","Especie"
"29","urn:lsid:zoobank.org:act:820EA594-56AB-4A57-B327-A4BEE84A7339","Endémico para: Colombia","Characiformes","Characidae","Grundulus","Grundulus cochae","Especie"
"30","urn:lsid:zoobank.org:act:12F6403E-8F50-46B6-9AFE-9D4A9C07E61E","Endémico para: Colombia","Characiformes","Characidae","Astyanax","Astyanax atratoensis","Especie"
"31","urn:lsid:zoobank.org:act:7C03BC83-6CF4-4227-9F3B-167EAEA40EF8","Endémico para: Colombia","Characiformes","Characidae","Astyanax","Astyanax caucanus","Especie"
"32","urn:lsid:zoobank.org:act:9B1792A8-70D6-4167-9136-0DD74844B040","Endémico para: Colombia","Characiformes","Characidae","Astyanax","Astyanax embera","Especie"
"33","urn:lsid:zoobank.org:act:DAD59731-6326-40F3-A367-2A451CA34427","Endémico para: Colombia","Characiformes","Characidae","Astyanax","Astyanax fasslii","Especie"
"34","urn:lsid:zoobank.org:act:BB5F3B6E-867E-48EB-8EAB-4B416576DB46","Endémico para: Colombia","Characiformes","Characidae","Astyanax","Astyanax filiferus","Especie"
"35","urn:lsid:zoobank.org:act:C6BA0976-1888-42B7-A060-43B1EB7E2C49","Endémico para: Colombia","Characiformes","Characidae","Astyanax","Astyanax gisleni","Especie"
"36","urn:lsid:zoobank.org:act:4B7ECDD0-25C4-4B76-AD92-4885F1D240D9","Endémico para: Colombia","Characiformes","Characidae","Astyanax","Astyanax megaspilura","Especie"
"37","urn:lsid:zoobank.org:act:75AC5D0F-7315-47F6-AB42-28C89BDDFCC6","Endémico para: Colombia","Characiformes","Characidae","Astyanax","Astyanax microlepis","Especie"
"38","urn:lsid:zoobank.org:act:F83EDB80-C7A0-451E-9708-2F6866D87CB8","Endémico para: Colombia","Characiformes","Characidae","Astyanax","Astyanax orthodus","Especie"
"39","urn:lsid:catalogueoflife.org:taxon:15e2dc56-d35f-11e6-9d3f-bc764e092680:col20170428","Endémico para: Colombia","Characiformes","Characidae","Astyanax","Astyanax yariguies","Especie"
"40","urn:lsid:zoobank.org:act:C9F44FC2-EF76-4D40-96DB-CAF2A2A8C1EC","Endémico para: Colombia","Characiformes","Characidae","Nematobrycon","Nematobrycon lacortei","Especie"
"41","urn:lsid:zoobank.org:act:D8A12683-F788-4F2A-96E8-55B7D603FE0F","Endémico para: Colombia","Characiformes","Characidae","Nematobrycon","Nematobrycon palmeri","Especie"
"42","urn:lsid:zoobank.org:act:D20D2B44-A83E-4D86-B1D1-1F9F7C0E9028","Endémico para: Colombia","Characiformes","Characidae","Parastremma","Parastremma album","Especie"
"43","urn:lsid:zoobank.org:act:4D5BA7B6-A1A7-481C-B53C-B20F1F8A4572","Endémico para: Colombia","Characiformes","Characidae","Parastremma","Parastremma pulchrum","Especie"
"44","urn:lsid:zoobank.org:act:549F8C0D-61F8-41AF-AB3A-70060772CB88","Endémico para: Colombia","Characiformes","Characidae","Parastremma","Parastremma sadina","Especie"
"45","urn:lsid:zoobank.org:act:CBE6A067-DB01-47E8-A11D-5B02B4EED80D","Endémico para: Colombia","Characiformes","Characidae","Pseudochalceus","Pseudochalceus kyburzi","Especie"
"46","urn:lsid:zoobank.org:act:F7BBFFA6-312D-46B7-BD68-D7BEE1CD4083","Endémico para: Colombia","Characiformes","Characidae","Hemigrammus","Hemigrammus amacayacu","Especie"
"47","urn:lsid:catalogueoflife.org:taxon:15d7d19a-d35f-11e6-9d3f-bc764e092680:col20170428","Endémico para: Colombia","Characiformes","Characidae","Hemigrammus","Hemigrammus rubrostriatus","Especie"
"48","urn:lsid:zoobank.org:act:C5007D92-OF74-48C5-9B63-E5F95171D","Endémico para: Colombia","Characiformes","Characidae","Hemigrammus","Hemigrammus xaveriellus","Especie"
"49","urn:lsid:catalogueoflife.org:taxon:15f65f9d-d35f-11e6-9d3f-bc764e092680:col20170428","Endémico para: Colombia","Characiformes","Characidae","Hyphessobrycon","Hyphessobrycon acaciae","Especie"
"50","urn:lsid:catalogueoflife.org:taxon:15f9552c-d35f-11e6-9d3f-bc764e092680:col20170428","Endémico para: Colombia","Characiformes","Characidae","Hyphessobrycon","Hyphessobrycon amaronensis","Especie"
"51","urn:lsid:zoobank.org:act:785E0F91-14AF-4DB3-9B51-DFF9309D6624","Endémico para: Colombia","Characiformes","Characidae","Hyphessobrycon","Hyphessobrycon columbianus","Especie"
"52","urn:lsid:zoobank.org:act:00F7E8A8-4F2E-467B-AD9E-28575F5BF069","Endémico para: Colombia","Characiformes","Characidae","Hyphessobrycon","Hyphessobrycon condotensis","Especie"
"53","urn:lsid:zoobank.org:act:B648B8AE-BE21-44B9-A5A5-D2BD5CEF9EE","Endémico para: Colombia","Characiformes","Characidae","Hyphessobrycon","Hyphessobrycon klausanni","Especie"
"54","urn:lsid:catalogueoflife.org:taxon:15f6656d-d35f-11e6-9d3f-bc764e092680:col20170428","Endémico para: Colombia","Characiformes","Characidae","Hyphessobrycon","Hyphessobrycon mavro","Especie"
"55","urn:lsid:zoobank.org:act:AE1CEF5F-4596-4388-AC3B-CACCF4952D87","Endémico para: Colombia","Characiformes","Characidae","Hyphessobrycon","Hyphessobrycon natagaima","Especie"
"56","urn:lsid:catalogueoflife.org:taxon:15f66117-d35f-11e6-9d3f-bc764e092680:col20170428","Endémico para: Colombia","Characiformes","Characidae","Hyphessobrycon","Hyphessobrycon niger","Especie"
"57","urn:lsid:catalogueoflife.org:taxon:17ff572c-d35f-11e6-9d3f-bc764e092680:col20170428","Endémico para: Colombia","Characiformes","Characidae","Hyphessobrycon","Hyphessobrycon ocasoensis","Especie"
"58","urn:lsid:catalogueoflife.org:taxon:1805e61a-d35f-11e6-9d3f-bc764e092680:col20170428","Endémico para: Colombia","Characiformes","Characidae","Hyphessobrycon","Hyphessobrycon oritoensis","Especie"
"59","urn:lsid:zoobank.org:act:03F2778D-E7BA-4200-B71A-C84229DAB71F","Endémico para: Colombia","Characiformes","Characidae","Hyphessobrycon","Hyphessobrycon poecilioides","Especie"
"60","urn:lsid:zoobank.org:act:221E254E-33C8-46D0-A12E-D9A171983082","Endémico para: Colombia","Characiformes","Characidae","Hyphessobrycon","Hyphessobrycon proteus","Especie"
"61","urn:lsid:zoobank.org:act:32A6CFC1-06A5-4B75-8B70-CFCAE9A52F41","Endémico para: Colombia","Characiformes","Characidae","Hyphessobrycon","Hyphessobrycon saizi","Especie"
"62","urn:lsid:zoobank.org:act:0CA7B877-EBA6-49DC-A381-FDB928B9DEAF","Endémico para: Colombia","Characiformes","Characidae","Hyphessobrycon","Hyphessobrycon sweglesi","Especie"
"63","urn:lsid:catalogueoflife.org:taxon:15f953d7-d35f-11e6-9d3f-bc764e092680:col20170428","Endémico para: Colombia","Characiformes","Characidae","Hyphessobrycon","Hyphessobrycon taguae","Especie"
"64","urn:lsid:zoobank.org:act:4438F752-39CE-4CA4-9835-222F4244C675","Endémico para: Colombia","Characiformes","Characidae","Moenkhausia","Moenkhausia eigenmanni","Especie"
"65","urn:lsid:zoobank.org:act:05B703C2-B0FD-41D0-BD69-9B58FBE024BF","Endémico para: Colombia","Characiformes","Characidae","Moenkhausia","Moenkhausia metae","Especie"
"66","urn:lsid:zoobank.org:act:C5B47F50-521B-4DDA-8BCE-1DEA5025036A","Endémico para: Colombia","Characiformes","Characidae","Moenkhausia","Moenkhausia orteguasae","Especie"
"67","urn:lsid:zoobank.org:act:9426D87E-38B9-4D8A-81B2-8E6879FB4E54","Endémico para: Colombia","Characiformes","Characidae","Pristella","Pristella ariporo","Especie"
"68","urn:lsid:zoobank.org:act:EE582C2E-6AF7-4525-9C5C-E27D62B14FDA","Endémico para: Colombia","Characiformes","Characidae","Eretmobrycon","Eretmobrycon guaytarae","Especie"
"69","urn:lsid:zoobank.org:act:2ACD3FE6-A327-47C1-8C51-7006AA5CE005","Endémico para: Colombia","Characiformes","Characidae","Eretmobrycon","Eretmobrycon ichoensis","Especie"
"70","urn:lsid:zoobank.org:act:8C93D4EB-A132-48DA-BE66-A614D87DBA3D","Endémico para: Colombia","Characiformes","Characidae","Eretmobrycon","Eretmobrycon miraensis","Especie"
"71","urn:lsid:catalogueoflife.org:taxon:15e95fc7-d35f-11e6-9d3f-bc764e092680:col20170428","Endémico para: Colombia","Characiformes","Characidae","Tyttocharax","Tyttocharax metae","Especie"
"72","urn:lsid:zoobank.org:act:03C3C677-950F-45F2-A72F-4BF91B6F3A5C","Endémico para: Colombia","Characiformes","Characidae","Argopleura","Argopleura chocoensis","Especie"
"73","urn:lsid:zoobank.org:act:41A246D0-51EF-459E-B892-27547009D044","Endémico para: Colombia","Characiformes","Characidae","Argopleura","Argopleura conventus","Especie"
"74","urn:lsid:zoobank.org:act:83684841-86BF-44A7-AA98-9206F478EE6C","Endémico para: Colombia","Characiformes","Characidae","Argopleura","Argopleura diquensis","Especie"
"75","urn:lsid:zoobank.org:act:94E6C146-93E4-40B9-A111-D4D937589316","Endémico para: Colombia","Characiformes","Characidae","Argopleura","Argopleura magdalenensis","Especie"
"76","urn:lsid:zoobank.org:act:A06B62E0-5DC7-41B7-AAA2-403EC8A59A56","Endémico para: Colombia","Characiformes","Characidae","Chrysobrycon","Chrysobrycon guahibo","Especie"
"77","urn:lsid:zoobank.org:act:69E297F1-71B6-475D-86D5-34266ED1903D","Endémico para: Colombia","Characiformes","Characidae","Chrysobrycon","Chrysobrycon mojicai","Especie"
"78","urn:lsid:zoobank.org:act:7DB65B60-5FFF-431C-8AD4-8B82D4A1FC52","Endémico para: Colombia","Characiformes","Characidae","Gephyrocharax","Gephyrocharax caucanus","Especie"
"79","urn:lsid:zoobank.org:act:D2492713-EC61-44E2-8E10-5A0FC54E339B","Endémico para: Colombia","Characiformes","Characidae","Gephyrocharax","Gephyrocharax chocoensis","Especie"
"80","urn:lsid:zoobank.org:act:95A10179-6AC8-405F-AC47-025F5D3A0128","Endémico para: Colombia","Characiformes","Characidae","Gephyrocharax","Gephyrocharax martae","Especie"
"81","urn:lsid:zoobank.org:act:853D1180-1986-4FB8-9404-5BFA09C0782A","Endémico para: Colombia","Characiformes","Characidae","Gephyrocharax","Gephyrocharax melanocheir","Especie"
"82","urn:lsid:zoobank.org:act:D3DB36D4-7737-40FF-8E83-56155E645215","Endémico para: Colombia","Characiformes","Characidae","Gephyrocharax","Gephyrocharax sinuensis","Especie"
"83","urn:lsid:catalogueoflife.org:taxon:15e16f1f-d35f-11e6-9d3f-bc764e092680:col20170428","Endémico para: Colombia","Characiformes","Characidae","Gephyrocharax","Gephyrocharax torresi","Especie"
"84","urn:lsid:zoobank.org:act:4FB441D6-E4C2-4102-8B9E-35DEE427E229","Endémico para: Colombia","Characiformes","Characidae","Pterobrycon","Pterobrycon landoni","Especie"
"85","urn:lsid:zoobank.org:act:D8D234B9-AB19-4B89-999C-0D77FF866721","Endémico para: Colombia","Characiformes","Characidae","Hemibrycon","Hemibrycon andresoi","Especie"
"86","urn:lsid:catalogueoflife.org:taxon:15dad5ff-d35f-11e6-9d3f-bc764e092680:col20170428","Endémico para: Colombia","Characiformes","Characidae","Hemibrycon","Hemibrycon antioquiae","Especie"
"87","urn:lsid:catalogueoflife.org:taxon:16321534-d35f-11e6-9d3f-bc764e092680:col20170428","Endémico para: Colombia","Characiformes","Characidae","Hemibrycon","Hemibrycon arilepis","Especie"
"88","urn:lsid:zoobank.org:act:D0856BD9-73EB-412F-A15B-680B1138ADA4","Endémico para: Colombia","Characiformes","Characidae","Hemibrycon","Hemibrycon boquiae","Especie"
"89","urn:lsid:catalogueoflife.org:taxon:16800bce-d35f-11e6-9d3f-bc764e092680:col20170428","Endémico para: Colombia","Characiformes","Characidae","Hemibrycon","Hemibrycon cairoense","Especie"
"90","urn:lsid:catalogueoflife.org:taxon:15dad74b-d35f-11e6-9d3f-bc764e092680:col20170428","Endémico para: Colombia","Characiformes","Characidae","Hemibrycon","Hemibrycon cardalensis","Especie"
"91","urn:lsid:zoobank.org:act:082488B2-B502-47FE-AD90-D3896E20CB05","Endémico para: Colombia","Characiformes","Characidae","Hemibrycon","Hemibrycon carrilloi","Especie"
"92","urn:lsid:zoobank.org:act:E6E15C88-113C-4FB3-B554-8ECB3AC8F6BB","Endémico para: Colombia","Characiformes","Characidae","Hemibrycon","Hemibrycon clausen","Especie"
"93","urn:lsid:zoobank.org:act:A3BEBAB5-0096-4464-87EC-4177CB68C7C8","Endémico para: Colombia","Characiformes","Characidae","Hemibrycon","Hemibrycon colombianus","Especie"
"94","urn:lsid:zoobank.org:act:4098E221-00D7-4850-8C60-47118CCC5519","Endémico para: Colombia","Characiformes","Characidae","Hemibrycon","Hemibrycon cristiani","Especie"
"95","urn:lsid:zoobank.org:act:1AAE92AD-ED72-4991-B93D-8436F5ECA3BE","Endémico para: Colombia","Characiformes","Characidae","Hemibrycon","Hemibrycon dentatus","Especie"
"96","urn:lsid:catalogueoflife.org:taxon:15dad9e5-d35f-11e6-9d3f-bc764e092680:col20170428","Endémico para: Colombia","Characiformes","Characidae","Hemibrycon","Hemibrycon fasciatus","Especie"
"97","urn:lsid:catalogueoflife.org:taxon:16f40c9e-d35f-11e6-9d3f-bc764e092680:col20170428","Endémico para: Colombia","Characiformes","Characidae","Hemibrycon","Hemibrycon foncensis","Especie"
"98","urn:lsid:zoobank.org:act:B8268D58-9EF6-4F6F-B644-125DFE2BC56E","Endémico para: Colombia","Characiformes","Characidae","Hemibrycon","Hemibrycon galvisi","Especie"
"99","urn:lsid:zoobank.org:act:5078E56D-ED59-4AC1-9F16-ABC639CD64E7","Endémico para: Colombia","Characiformes","Characidae","Hemibrycon","Hemibrycon guejarensis","Especie"
"100","urn:lsid:zoobank.org:act:92243A8C-1487-45D9-8A40-4F7E5619B165","Endémico para: Colombia","Characiformes","Characidae","Hemibrycon","Hemibrycon gutierrezi","Especie"
"101","urn:lsid:zoobank.org:act:D96FD9E5-73DB-4DE4-9F71-82D87F2B2DDD","Endémico para: Colombia","Characiformes","Characidae","Hemibrycon","Hemibrycon iqueima","Especie"
"102","urn:lsid:catalogueoflife.org:taxon:181a398e-d35f-11e6-9d3f-bc764e092680:col20170428","Endémico para: Colombia","Characiformes","Characidae","Hemibrycon","Hemibrycon microformaa","Especie"
"103","urn:lsid:zoobank.org:act:1E107704-3BE8-438B-BFEB-DCAA4D1B8DF5","Endémico para: Colombia","Characiformes","Characidae","Hemibrycon","Hemibrycon multiradiatus","Especie"
"104","urn:lsid:catalogueoflife.org:taxon:1680021e-d35f-11e6-9d3f-bc764e092680:col20170428","Endémico para: Colombia","Characiformes","Characidae","Hemibrycon","Hemibrycon paez","Especie"
"105","urn:lsid:catalogueoflife.org:taxon:15f706e6-d35f-11e6-9d3f-bc764e092680:col20170428","Endémico para: Colombia","Characiformes","Characidae","Hemibrycon","Hemibrycon palomae","Especie"
"106","urn:lsid:zoobank.org:act:C88155EF-CD14-4D4A-BF47-7032CBE19537","Endémico para: Colombia","Characiformes","Characidae","Hemibrycon","Hemibrycon plutarcoi","Especie"
"107","urn:lsid:catalogueoflife.org:taxon:18054fd9-d35f-11e6-9d3f-bc764e092680:col20170428","Endémico para: Colombia","Characiformes","Characidae","Hemibrycon","Hemibrycon rafaelense","Especie"
"108","urn:lsid:catalogueoflife.org:taxon:167ff671-d35f-11e6-9d3f-bc764e092680:col20170428","Endémico para: Colombia","Characiformes","Characidae","Hemibrycon","Hemibrycon raqueliae","Especie"
"109","urn:lsid:zoobank.org:act:5BF13995-FCD7-42FD-93E3-9B3F62A1BF80","Endémico para: Colombia","Characiformes","Characidae","Hemibrycon","Hemibrycon sanjuanensis","Especie"
"110","urn:lsid:catalogueoflife.org:taxon:15fb640a-d35f-11e6-9d3f-bc764e092680:col20170428","Endémico para: Colombia","Characiformes","Characidae","Hemibrycon","Hemibrycon santamartae","Especie"
"111","urn:lsid:zoobank.org:act:5DA97AD0-E22A-4214-B5BF-DCC354FA8AED","Endémico para: Colombia","Characiformes","Characidae","Hemibrycon","Hemibrycon sierraensis","Especie"
"112","urn:lsid:zoobank.org:act:A86655E8-9219-4B30-B71E-B087D489E680","Endémico para: Colombia","Characiformes","Characidae","Hemibrycon","Hemibrycon tolimae","Especie"
"113","urn:lsid:zoobank.org:act:F2F167B2-65B9-4CF6-AC96-FC8E357859C7","Endémico para: Colombia","Characiformes","Characidae","Hemibrycon","Hemibrycon velox","Especie"
"114","urn:lsid:catalogueoflife.org:taxon:167ff7ba-d35f-11e6-9d3f-bc764e092680:col20170428","Endémico para: Colombia","Characiformes","Characidae","Hemibrycon","Hemibrycon virolinica","Especie"
"115","urn:lsid:catalogueoflife.org:taxon:167ffa4a-d35f-11e6-9d3f-bc764e092680:col20170428","Endémico para: Colombia","Characiformes","Characidae","Hemibrycon","Hemibrycon yacopiae","Especie"
"116","urn:lsid:zoobank.org:act:512750EA-A15B-4A13-A61D-CA2F14B0FD84","Endémico para: Colombia","Characiformes","Characidae","Carlastyanax","Carlastyanax aurocaudatus","Especie"
"117","urn:lsid:zoobank.org:act:46CD684B-3465-4D53-900B-9618B4940066","Endémico para: Colombia","Characiformes","Characidae","Creagrutus","Creagrutus andaki","Especie"
"118","urn:lsid:zoobank.org:act:4B46F4F1-FEF8-4090-886E-9F5260AB7483","Endémico para: Colombia","Characiformes","Characidae","Creagrutus","Creagrutus atratus","Especie"
"119","urn:lsid:zoobank.org:act:57C998DC-E1E5-48D8-83E1-89D25F1868E0","Endémico para: Colombia","Characiformes","Characidae","Creagrutus","Creagrutus brevipinnis","Especie"
"120","urn:lsid:zoobank.org:act:8CE4D158-5D48-44E5-88C4-39DCFB65CEAA","Endémico para: Colombia","Characiformes","Characidae","Creagrutus","Creagrutus calai","Especie"
"121","urn:lsid:zoobank.org:act:DE40672B-12CE-46FF-A182-D48C26581722","Endémico para: Colombia","Characiformes","Characidae","Creagrutus","Creagrutus caucanus","Especie"
"122","urn:lsid:zoobank.org:act:0B4E6512-0567-4EDB-92E3-F8A6F79A240A","Endémico para: Colombia","Characiformes","Characidae","Creagrutus","Creagrutus dulima","Especie"
"123","urn:lsid:zoobank.org:act:5F6893CA-2D49-41A9-99F8-8053274CE8BE","Endémico para: Colombia","Characiformes","Characidae","Creagrutus","Creagrutus guanes","Especie"
"124","urn:lsid:zoobank.org:act:B6EF77CF-CB9E-40B2-9758-5D5776A21E0C","Endémico para: Colombia","Characiformes","Characidae","Creagrutus","Creagrutus leuciscus","Especie"
"125","urn:lsid:catalogueoflife.org:taxon:15fa7d85-d35f-11e6-9d3f-bc764e092680:col20170428","Endémico para: Colombia","Characiformes","Characidae","Creagrutus","Creagrutus maculosus","Especie"
"126","urn:lsid:zoobank.org:act:55B4D11E-9DA1-4F33-8EFA-47FADA2383FD","Endémico para: Colombia","Characiformes","Characidae","Creagrutus","Creagrutus magdalenae","Especie"
"127","urn:lsid:zoobank.org:act:D0556461-FC97-4249-BF31-87C63B436258","Endémico para: Colombia","Characiformes","Characidae","Creagrutus","Creagrutus nigrostigmatus","Especie"
"128","urn:lsid:zoobank.org:act:7C710F3E-2DA1-4E23-BB44-1258901E2C44","Endémico para: Colombia","Characiformes","Characidae","Microgenys","Microgenys minuta","Especie"
"129","urn:lsid:zoobank.org:act:E10ADE76-9879-439D-B0CD-E7CA1F12B0EA","Endémico para: Colombia","Characiformes","Characidae","Bryconacidnus","Bryconacidnus hypopterus","Especie"
"130","urn:lsid:zoobank.org:act:3D5CCE6C-3B2E-49DB-872C-05D2068C4F92","Endémico para: Colombia","Characiformes","Characidae","Bryconamericus","Bryconamericus guizae","Especie"
"131","urn:lsid:zoobank.org:act:22834E4E-D361-40DB-B0A6-FC16D9AB693F","Endémico para: Colombia","Characiformes","Characidae","Bryconamericus","Bryconamericus icelus","Especie"
"132","urn:lsid:catalogueoflife.org:taxon:15f5cb23-d35f-11e6-9d3f-bc764e092680:col20170428","Endémico para: Colombia","Characiformes","Characidae","Knodus","Knodus macarenae","Especie"
"133","urn:lsid:zoobank.org:act:969B81F9-9B62-444E-80FC-9EFD4E7DF6B8","Endémico para: Colombia","Characiformes","Characidae","Knodus","Knodus orteguasae","Especie"
"134","urn:lsid:zoobank.org:act:DD55A88C-EDB0-4ED7-99D3-93F701A7A574","Endémico para: Colombia","Characiformes","Characidae","Saccoderma","Saccoderma hastata","Especie"
"135","urn:lsid:zoobank.org:act:D092539B-F1D4-4C0B-9022-75F94F12362C","Endémico para: Colombia","Characiformes","Characidae","Saccoderma","Saccoderma robusta","Especie"
"136","urn:lsid:zoobank.org:act:7D096761-23F8-40F7-88DD-6B7A9D938E75","Endémico para: Colombia","Characiformes","Characidae","Tetragonopterus","Tetragonopterus daguae","Especie"
"137","urn:lsid:zoobank.org:act:3BD3DC0F-817D-4CA5-B82A-AF4D97F405AD","Endémico para: Colombia","Characiformes","Characidae","Acestrocephalus","Acestrocephalus anomalus","Especie"
"138","urn:lsid:zoobank.org:act:402B1C12-3B9D-46C7-A0ED-C741907F0FBD","Endémico para: Colombia","Characiformes","Characidae","Cynopotamus","Cynopotamus atratoensis","Especie"
"139","urn:lsid:zoobank.org:act:B46C5406-1BFB-4890-B950-02014FD53F96","Endémico para: Colombia","Characiformes","Characidae","Cynopotamus","Cynopotamus magdalenae","Especie"
"140","urn:lsid:zoobank.org:act:80E2F3C6-4DB9-4960-A840-6B0914EE72E9","Endémico para: Colombia","Characiformes","Characidae","Priocharax","Priocharax pygmaeus","Especie"
"141","urn:lsid:zoobank.org:act:8063E5CB-38F9-4329-B0EC-5D7D9D42EE4C","Endémico para: Colombia","Characiformes","Characidae","Axelrodia","Axelrodia riesei","Especie"
"142","urn:lsid:zoobank.org:act:0A2A255A-64BD-410F-A990-05AA12ACF13D","Endémico para: Colombia","Characiformes","Characidae","Genycharax","Genycharax tarpon","Especie"
"143","urn:lsid:zoobank.org:act:DB2B1DC6-7530-4838-9E43-12CD1EBB09BC","Endémico para: Colombia","Characiformes","Characidae","Schultzites","Schultzites axelrodi","Especie"
"144","urn:lsid:zoobank.org:act:B175F6FB-5116-415F-AA9B-7D517904A936","Endémico para: Colombia","Characiformes","Bryconidae","Brycon","Brycon fowleri","Especie"
"145","urn:lsid:zoobank.org:act:B6E3A417-0DE7-4A4B-AFB7-C973A80F860A","Endémico para: Colombia","Characiformes","Bryconidae","Brycon","Brycon henni","Especie"
"146","urn:lsid:zoobank.org:act:535EE8B2-CE30-43E7-90A3-17F6A6140E73","Endémico para: Colombia","Characiformes","Bryconidae","Brycon","Brycon labiatus","Especie"
"147","urn:lsid:zoobank.org:act:827A10A6-6A73-42E7-A152-31956F430089","Endémico para: Colombia","Characiformes","Bryconidae","Brycon","Brycon medemi","Especie"
"148","urn:lsid:zoobank.org:act:C72A4414-8FB0-472F-B53A-F283C1DE8039","Endémico para: Colombia","Characiformes","Bryconidae","Brycon","Brycon meeki","Especie"
"149","urn:lsid:zoobank.org:act:E8555548-D824-4BE6-86E4-DCB5F3936F4E","Endémico para: Colombia","Characiformes","Bryconidae","Brycon","Brycon moorei","Especie"
"150","urn:lsid:zoobank.org:act:45D14F03-359F-48B6-8AE4-ADE8DB3D47C5","Endémico para: Colombia","Characiformes","Bryconidae","Brycon","Brycon rubricauda","Especie"
"151","urn:lsid:zoobank.org:act:FAFEEEE8-6957-4E75-A9E7-6C06956B5125","Endémico para: Colombia","Characiformes","Bryconidae","Brycon","Brycon sinuensis","Especie"
"152","urn:lsid:zoobank.org:act:A484B238-6618-4396-A19B-80B0CD29C0DD","Endémico para: Colombia","Characiformes","Bryconidae","Brycon","Brycon whitei","Especie"
"153","urn:lsid:zoobank.org:act:2CCE123E-C6CE-4513-BDD5-F181996F3237","Endémico para: Colombia","Characiformes","Triportheidae","Triportheus","Triportheus magdalenae","Especie"
"154","urn:lsid:zoobank.org:act:74515B77-AC7E-422E-A8D2-53F7554A7CC4","Endémico para: Colombia","Gymnotiformes","Gymnotidae","Gymnotus","Gymnotus ardilai","Especie"
"155","urn:lsid:zoobank.org:act:ECCAE909-9487-4D74-A4B9-DC53B3E9B8C4","Endémico para: Colombia","Gymnotiformes","Gymnotidae","Gymnotus","Gymnotus choco","Especie"
"156","urn:lsid:zoobank.org:act:B6260289-C9DC-4043-8B1F-657276087AFD","Endémico para: Colombia","Gymnotiformes","Sternopygidae","Eigenmannia","Eigenmannia camposi","Especie"
"157","urn:lsid:zoobank.org:act:29463771-B47A-4C39-AD8D-352C85CE0E6B","Endémico para: Colombia","Gymnotiformes","Sternopygidae","Eigenmannia","Eigenmannia magoi","Especie"
"158","urn:lsid:zoobank.org:act:F95204EB-E0B9-477D-B4C8-B85ED9CED607","Endémico para: Colombia","Gymnotiformes","Sternopygidae","Eigenmannia","Eigenmannia zenuensis","Especie"
"159","urn:lsid:zoobank.org:act:58A50A2B-9EA8-4418-B43A-EDA038EC8ADB","Endémico para: Colombia","Gymnotiformes","Apteronotidae","Apteronotus","Apteronotus eschmeyeri","Especie"
"160","urn:lsid:catalogueoflife.org:taxon:18053c3d-d35f-11e6-9d3f-bc764e092680:col20170428","Endémico para: Colombia","Gymnotiformes","Apteronotidae","Apteronotus","Apteronotus galvisi","Especie"
"161","urn:lsid:catalogueoflife.org:taxon:26b090a8-d35f-11e6-9d3f-bc764e092680:col20170428","Endémico para: Colombia","Gymnotiformes","Apteronotidae","Apteronotus","Apteronotus jurubidae","Especie"
"162","urn:lsid:zoobank.org:act:B1747F26-0FB0-4D7C-B8E2-32118EFDAD66","Endémico para: Colombia","Gymnotiformes","Apteronotidae","Apteronotus","Apteronotus macrostomus","Especie"
"163","urn:lsid:zoobank.org:act:0C207151-B9B7-4E02-9935-F2C46C029C7F","Endémico para: Colombia","Gymnotiformes","Apteronotidae","Apteronotus","Apteronotus magdalenensis","Especie"
"164","urn:lsid:zoobank.org:act:6A14A17F-0BBC-46D2-AFCB-F6AD3FAD7E62","Endémico para: Colombia","Gymnotiformes","Apteronotidae","Apteronotus","Apteronotus mariae","Especie"
"165","urn:lsid:zoobank.org:act:E23C93B5-5F7D-47F1-94DB-487E2FC4FE5A","Endémico para: Colombia","Gymnotiformes","Apteronotidae","Apteronotus","Apteronotus milesi","Especie"
"166","urn:lsid:catalogueoflife.org:taxon:26b09375-d35f-11e6-9d3f-bc764e092680:col20170428","Endémico para: Colombia","Gymnotiformes","Apteronotidae","Apteronotus","Apteronotus spurrellii","Especie"
"167","urn:lsid:zoobank.org:act:CF87DB58-3C18-4993-A8A4-E99588F45896","Endémico para: Colombia","Siluriformes","Trichomycteridae","Eremophilus","Eremophilus mutisii","Especie"
"168","urn:lsid:zoobank.org:act:F68D302D-E078-4C84-BF08-D8979826AF92","Endémico para: Colombia","Siluriformes","Trichomycteridae","Rhizosomichthys","Rhizosomichthys totae","Especie"
"169","urn:lsid:zoobank.org:act:353EDBC7-444E-44DF-9A2F-57EB89D83BDD","Endémico para: Colombia","Siluriformes","Trichomycteridae","Trichomycterus","Trichomycterus arhuaco","Especie"
"170","urn:lsid:catalogueoflife.org:taxon:15f03e4d-d35f-11e6-9d3f-bc764e092680:col20170428","Endémico para: Colombia","Siluriformes","Trichomycteridae","Trichomycterus","Trichomycterus ballesterosi","Especie"
"171","urn:lsid:zoobank.org:act:A347A4AF-FEB8-4AEE-821E-19E75A0981EE","Endémico para: Colombia","Siluriformes","Trichomycteridae","Trichomycterus","Trichomycterus banneaui","Especie"
"172","urn:lsid:zoobank.org:act:52F5922B-2F17-4DC4-826D-C0379CCCD6E1","Endémico para: Colombia","Siluriformes","Trichomycteridae","Trichomycterus","Trichomycterus bogotensis","Especie"
"173","urn:lsid:catalogueoflife.org:taxon:1669115f-d35f-11e6-9d3f-bc764e092680:col20170428","Endémico para: Colombia","Siluriformes","Trichomycteridae","Trichomycterus","Trichomycterus cachiraensis","Especie"
"174","urn:lsid:zoobank.org:act:8CE72DDA-9F17-49DA-AB7B-C88C1BB5C1AB","Endémico para: Colombia","Siluriformes","Trichomycteridae","Trichomycterus","Trichomycterus calai","Especie"
"175","urn:lsid:zoobank.org:act:8942F844-3E02-4635-AC43-A709AB7D4F6A","Endémico para: Colombia","Siluriformes","Trichomycteridae","Trichomycterus","Trichomycterus caliensis","Especie"
"176","urn:lsid:zoobank.org:act:4D977F68-0D5C-4391-ADB4-CF16CE0321CD","Endémico para: Colombia","Siluriformes","Trichomycteridae","Trichomycterus","Trichomycterus casitaensis","Especie"
"177","urn:lsid:zoobank.org:act:3DC88BEA-3C64-44CF-8E6A-767A5152DC7F","Endémico para: Colombia","Siluriformes","Trichomycteridae","Trichomycterus","Trichomycterus cerritoensis","Especie"
"178","urn:lsid:zoobank.org:act:9C235136-3403-49D9-8E9D-6D32E3CA144B","Endémico para: Colombia","Siluriformes","Trichomycteridae","Trichomycterus","Trichomycterus chapmani","Especie"
"179","urn:lsid:zoobank.org:act:98B5B9F4-29BB-4B17-A492-9FFC450C944D","Endémico para: Colombia","Siluriformes","Trichomycteridae","Trichomycterus","Trichomycterus donascimientoi","Especie"
"180","urn:lsid:zoobank.org:act:C8B9B06B-58C8-40E1-896E-C2F2F3FD45FE","Endémico para: Colombia","Siluriformes","Trichomycteridae","Trichomycterus","Trichomycterus dorsostriatum","Especie"
"181","urn:lsid:zoobank.org:act:3703B7A8-C063-4433-96DA-328C0A667FE5","Endémico para: Colombia","Siluriformes","Trichomycteridae","Trichomycterus","Trichomycterus ferreri","Especie"
"182","urn:lsid:zoobank.org:act:00974162-98FC-41D6-838D-F33B4F6DD843","Endémico para: Colombia","Siluriformes","Trichomycteridae","Trichomycterus","Trichomycterus gairaensis","Especie"
"183","urn:lsid:zoobank.org:act:E61CFC23-8BF0-4ECE-A161-BE01FFA30CF0","Endémico para: Colombia","Siluriformes","Trichomycteridae","Trichomycterus","Trichomycterus garciamarquezi","Especie"
"184","urn:lsid:zoobank.org:act:A3DA254D-43B7-407B-A1FC-9B08D07E4295","Endémico para: Colombia","Siluriformes","Trichomycteridae","Trichomycterus","Trichomycterus gorgona","Especie"
"185","urn:lsid:zoobank.org:act:CE4166D2-678A-48C4-AF3B-BBF814EA39A2","Endémico para: Colombia","Siluriformes","Trichomycteridae","Trichomycterus","Trichomycterus kankuamo","Especie"
"186","urn:lsid:zoobank.org:act:E7832E8B-077B-4E20-993F-B0E333F27140","Endémico para: Colombia","Siluriformes","Trichomycteridae","Trichomycterus","Trichomycterus latidens","Especie"
"187","urn:lsid:zoobank.org:act:B8069BD5-572E-4EB3-9C5A-7438CE9837EC","Endémico para: Colombia","Siluriformes","Trichomycteridae","Trichomycterus","Trichomycterus latistriatus","Especie"
"188","urn:lsid:catalogueoflife.org:taxon:15f03fa6-d35f-11e6-9d3f-bc764e092680:col20170428","Endémico para: Colombia","Siluriformes","Trichomycteridae","Trichomycterus","Trichomycterus maldonadoi","Especie"
"189","urn:lsid:zoobank.org:act:1A1DD4D9-0A26-434E-914E-67849D525CBA","Endémico para: Colombia","Siluriformes","Trichomycteridae","Trichomycterus","Trichomycterus manaurensis","Especie"
"190","urn:lsid:zoobank.org:act:906E6D48-3B95-4A6D-95EC-FB58EDE65FDD","Endémico para: Colombia","Siluriformes","Trichomycteridae","Trichomycterus","Trichomycterus medellinensis","Especie"
"191","urn:lsid:zoobank.org:act:B46F5713-206C-49A8-A365-66F6D6D4BBDE","Endémico para: Colombia","Siluriformes","Trichomycteridae","Trichomycterus","Trichomycterus migrans","Especie"
"192","urn:lsid:zoobank.org:act:5E85972D-30CB-46FA-842B-92814433B25D","Endémico para: Colombia","Siluriformes","Trichomycteridae","Trichomycterus","Trichomycterus mogotensis","Especie"
"193","urn:lsid:zoobank.org:act:D9D2EC1B-9EAC-4981-823F-CBCF2330F9D7","Endémico para: Colombia","Siluriformes","Trichomycteridae","Trichomycterus","Trichomycterus montesi","Especie"
"194","urn:lsid:zoobank.org:act:6812BBAB-F85C-48EA-8A5B-F6FE17171D79","Endémico para: Colombia","Siluriformes","Trichomycteridae","Trichomycterus","Trichomycterus nabusimakensis","Especie"
"195","urn:lsid:zoobank.org:act:926B7637-F6E6-4037-A8D3-4F9B4BA3E977","Endémico para: Colombia","Siluriformes","Trichomycteridae","Trichomycterus","Trichomycterus nietoi","Especie"
"196","urn:lsid:zoobank.org:act:595A1EA9-6CFE-4176-B397-4E24F9BB4E06","Endémico para: Colombia","Siluriformes","Trichomycteridae","Trichomycterus","Trichomycterus nigromaculatus","Especie"
"197","urn:lsid:zoobank.org:act:30A19265-FD3B-451E-93A3-9907751F03B7","Endémico para: Colombia","Siluriformes","Trichomycteridae","Trichomycterus","Trichomycterus ocanaensis","Especie"
"198","urn:lsid:zoobank.org:act:654E608B-B7C0-4082-B641-1D92A6EDE8CA","Endémico para: Colombia","Siluriformes","Trichomycteridae","Trichomycterus","Trichomycterus regani","Especie"
"199","urn:lsid:zoobank.org:act:365AAAA9-5838-4583-ACCE-0E2F9D69C292","Endémico para: Colombia","Siluriformes","Trichomycteridae","Trichomycterus","Trichomycterus retropinnis","Especie"
"200","urn:lsid:zoobank.org:act:D0E7137D-DAF0-49B2-BD4A-9A8BC0EBA3EF","Endémico para: Colombia","Siluriformes","Trichomycteridae","Trichomycterus","Trichomycterus romeroi","Especie"
"201","urn:lsid:zoobank.org:pub:4ACC4A1E-39DF-4D40-A51A-0E023E02D37F","Endémico para: Colombia","Siluriformes","Trichomycteridae","Trichomycterus","Trichomycterus rosablanca","Especie"
"202","urn:lsid:catalogueoflife.org:taxon:15effcc3-d35f-11e6-9d3f-bc764e092680:col20170428","Endémico para: Colombia","Siluriformes","Trichomycteridae","Trichomycterus","Trichomycterus ruitoquensis","Especie"
"203","urn:lsid:catalogueoflife.org:taxon:1806372b-d35f-11e6-9d3f-bc764e092680:col20170428","Endémico para: Colombia","Siluriformes","Trichomycteridae","Trichomycterus","Trichomycterus sandovali","Especie"
"204","urn:lsid:catalogueoflife.org:taxon:181d7a35-d35f-11e6-9d3f-bc764e092680:col20170428","Endémico para: Colombia","Siluriformes","Trichomycteridae","Trichomycterus","Trichomycterus santanderensis","Especie"
"205","urn:lsid:catalogueoflife.org:taxon:15effb59-d35f-11e6-9d3f-bc764e092680:col20170428","Endémico para: Colombia","Siluriformes","Trichomycteridae","Trichomycterus","Trichomycterus sketi","Especie"
"206","urn:lsid:zoobank.org:act:E33DF076-CDEA-493B-8916-8FC3CC58D0A7","Endémico para: Colombia","Siluriformes","Trichomycteridae","Trichomycterus","Trichomycterus spectrum","Especie"
"207","urn:lsid:zoobank.org:act:349121DA-755A-4F62-9402-95CBA713D02D","Endémico para: Colombia","Siluriformes","Trichomycteridae","Trichomycterus","Trichomycterus spilosoma","Especie"
"208","urn:lsid:catalogueoflife.org:taxon:15d926d2-d35f-11e6-9d3f-bc764e092680:col20170428","Endémico para: Colombia","Siluriformes","Trichomycteridae","Trichomycterus","Trichomycterus steindachneri","Especie"
"209","urn:lsid:zoobank.org:act:5BB32347-AADA-4361-9FA2-BC7AFE4E2279","Endémico para: Colombia","Siluriformes","Trichomycteridae","Trichomycterus","Trichomycterus stellatus","Especie"
"210","urn:lsid:zoobank.org:act:AD35C636-56C5-45BE-BDA7-9FE35898A6EC","Endémico para: Colombia","Siluriformes","Trichomycteridae","Trichomycterus","Trichomycterus straminius","Especie"
"211","urn:lsid:zoobank.org:act:A3A8F3D7-B66B-40A2-AC10-5FE5E18C4398","Endémico para: Colombia","Siluriformes","Trichomycteridae","Trichomycterus","Trichomycterus sucrensis","Especie"
"212","urn:lsid:zoobank.org:act:B0AC78DE-7FD1-438B-8704-D9E33BA3D572","Endémico para: Colombia","Siluriformes","Trichomycteridae","Trichomycterus","Trichomycterus tetuanensis","Especie"
"213","urn:lsid:zoobank.org:act:B7430D6C-8A0B-4BC6-B20A-A1C4CAC8905D","Endémico para: Colombia","Siluriformes","Trichomycteridae","Trichomycterus","Trichomycterus torcoromaensis","Especie"
"214","urn:lsid:zoobank.org:act:6A3491AE-4ACA-49E4-8572-0D2D4A9A13B8","Endémico para: Colombia","Siluriformes","Trichomycteridae","Trichomycterus","Trichomycterus transandianus","Especie"
"215","urn:lsid:catalogueoflife.org:taxon:180342ee-d35f-11e6-9d3f-bc764e092680:col20170428","Endémico para: Colombia","Siluriformes","Trichomycteridae","Trichomycterus","Trichomycterus uisae","Especie"
"216","urn:lsid:zoobank.org:act:A732174C-007E-446E-BCEB-1FC7707AEDD6","Endémico para: Colombia","Siluriformes","Trichomycteridae","Trichomycterus","Trichomycterus unicolor","Especie"
"217","urn:lsid:zoobank.org:act:623ABB4C-B7AB-4752-B69C-3AEB5B0624CF","Endémico para: Colombia","Siluriformes","Trichomycteridae","Trichomycterus","Trichomycterus valleduparensis","Especie"
"218","urn:lsid:zoobank.org:act:06ED17B6-2BB8-4B75-B38E-0D30C1A3AE31","Endémico para: Colombia","Siluriformes","Trichomycteridae","Trichomycterus","Trichomycterus wiwa","Especie"
"219","urn:lsid:zoobank.org:act:6F32DF3B-A97C-4C82-9E8D-54866A1984D3","Endémico para: Colombia","Siluriformes","Trichomycteridae","Ituglanis","Ituglanis guayaberensis","Especie"
"220","urn:lsid:zoobank.org:act:8F3DA639-4603-4566-832D-58DA00E78D27","Endémico para: Colombia","Siluriformes","Trichomycteridae","Malacoglanis","Malacoglanis gelatinosus","Especie"
"221","urn:lsid:zoobank.org:act:61CA125F-F7DB-4D48-85C6-D8F65BEE28CF","Endémico para: Colombia","Siluriformes","Trichomycteridae","Schultzichthys","Schultzichthys gracilis","Especie"
"222","urn:lsid:zoobank.org:act:9BFDBA4E-D1C5-4520-9904-14C14DB589A4","Endémico para: Colombia","Siluriformes","Trichomycteridae","Paravandellia","Paravandellia phaneronema","Especie"
"223","urn:lsid:zoobank.org:act:AF3E2585-5FD4-4DE7-9EE1-9CB464F43765","Endémico para: Colombia","Siluriformes","Callichthyidae","Callichthys","Callichthys fabricioi","Especie"
"224","urn:lsid:zoobank.org:act:9FE98944-DD7F-4D72-BDF8-F691185B86F2","Endémico para: Colombia","Siluriformes","Callichthyidae","Callichthys","Callichthys oibaensis","Especie"
"225","urn:lsid:zoobank.org:act:9A3E1762-0D9D-4A17-B69D-C180129DF762","Endémico para: Colombia","Siluriformes","Callichthyidae","Corydoras","Corydoras cortesi","Especie"
"226","urn:lsid:zoobank.org:act:104CF27C-F8DD-410B-A4A9-FFAE24252713","Endémico para: Colombia","Siluriformes","Callichthyidae","Corydoras","Corydoras delphax","Especie"
"227","urn:lsid:zoobank.org:act:62591910-3987-4360-9706-89D1BA19B24B","Endémico para: Colombia","Siluriformes","Callichthyidae","Corydoras","Corydoras esperanzae","Especie"
"228","urn:lsid:zoobank.org:act:FD4EB37A-7423-4D6E-98C6-4173457DB051","Endémico para: Colombia","Siluriformes","Callichthyidae","Corydoras","Corydoras loxozonus","Especie"
"229","urn:lsid:zoobank.org:act:1F9CA4EC-CF1F-426B-A9E7-8969038D14E1","Endémico para: Colombia","Siluriformes","Callichthyidae","Corydoras","Corydoras melanotaenia","Especie"
"230","urn:lsid:zoobank.org:act:12743822-F293-4929-9785-4B8BF7010283","Endémico para: Colombia","Siluriformes","Callichthyidae","Corydoras","Corydoras metae","Especie"
"231","urn:lsid:zoobank.org:act:766973CC-879A-410E-94A6-F10D9E303044","Endémico para: Colombia","Siluriformes","Callichthyidae","Corydoras","Corydoras reynoldsi","Especie"
"232","urn:lsid:zoobank.org:act:996EB8BF-7FAE-499C-B53C-B7F3486852D5","Endémico para: Colombia","Siluriformes","Callichthyidae","Corydoras","Corydoras simulatus","Especie"
"233","urn:lsid:zoobank.org:act:1C82B3D1-37F2-45B4-8AF6-1C813A24E98E","Endémico para: Colombia","Siluriformes","Astroblepidae","Astroblepus","Astroblepus acostai","Especie"
"234","urn:lsid:zoobank.org:act:18B5300E-AB17-49CC-AAF5-80920642AA1E","Endémico para: Colombia","Siluriformes","Astroblepidae","Astroblepus","Astroblepus ardiladuartei","Especie"
"235","urn:lsid:catalogueoflife.org:taxon:15dc89ac-d35f-11e6-9d3f-bc764e092680:col20170428","Endémico para: Colombia","Siluriformes","Astroblepidae","Astroblepus","Astroblepus ardilai","Especie"
"236","urn:lsid:zoobank.org:act:99B14BE9-42E6-45CF-8123-9118880F67FA","Endémico para: Colombia","Siluriformes","Astroblepidae","Astroblepus","Astroblepus bellezaensis","Especie"
"237","urn:lsid:catalogueoflife.org:taxon:15f0411a-d35f-11e6-9d3f-bc764e092680:col20170428","Endémico para: Colombia","Siluriformes","Astroblepidae","Astroblepus","Astroblepus cacharas","Especie"
"238","urn:lsid:zoobank.org:act:0095C71B-D40D-43EC-AFE5-50FE27AA0A58","Endémico para: Colombia","Siluriformes","Astroblepidae","Astroblepus","Astroblepus caquetae","Especie"
"239","urn:lsid:zoobank.org:act:EC25E79D-C204-4435-90D6-2DB7A83CE16C","Endémico para: Colombia","Siluriformes","Astroblepidae","Astroblepus","Astroblepus chapmani","Especie"
"240","urn:lsid:zoobank.org:act:71A4427F-8196-48F9-90CA-B4F576DABC0C","Endémico para: Colombia","Siluriformes","Astroblepidae","Astroblepus","Astroblepus cirratus","Especie"
"241","urn:lsid:zoobank.org:act:916FDC43-9A53-403B-9224-D07C58A58BF4","Endémico para: Colombia","Siluriformes","Astroblepidae","Astroblepus","Astroblepus curitiensis","Especie"
"242","urn:lsid:zoobank.org:act:D003BCE6-0065-4564-A822-B6DA3DEF13C8","Endémico para: Colombia","Siluriformes","Astroblepidae","Astroblepus","Astroblepus dux","Especie"
"243","urn:lsid:zoobank.org:act:B7934B95-9D7F-4189-9168-C57EBB096626","Endémico para: Colombia","Siluriformes","Astroblepidae","Astroblepus","Astroblepus floridablancaensis","Especie"
"244","urn:lsid:zoobank.org:act:73245F69-087E-45B1-A846-7FF6C8FCFEAE","Endémico para: Colombia","Siluriformes","Astroblepidae","Astroblepus","Astroblepus frenatus","Especie"
"245","urn:lsid:zoobank.org:act:6C222F57-1E5B-4016-B073-EDEE8B018D41","Endémico para: Colombia","Siluriformes","Astroblepidae","Astroblepus","Astroblepus grixalvii","Especie"
"246","urn:lsid:zoobank.org:act:59E5385D-7A2D-443A-9FCF-DC66EFB3817C","Endémico para: Colombia","Siluriformes","Astroblepidae","Astroblepus","Astroblepus guentheri","Especie"
"247","urn:lsid:zoobank.org:act:D5F8C252-832F-43ED-A046-4F7DA87FBC5F","Endémico para: Colombia","Siluriformes","Astroblepidae","Astroblepus","Astroblepus heterodon","Especie"
"248","urn:lsid:zoobank.org:act:C941CAB3-776A-4006-91B6-121E185BED07","Endémico para: Colombia","Siluriformes","Astroblepidae","Astroblepus","Astroblepus homodon","Especie"
"249","urn:lsid:zoobank.org:act:89D99004-73DD-4C20-AEB1-7AE8F0CCE5B5","Endémico para: Colombia","Siluriformes","Astroblepidae","Astroblepus","Astroblepus itae","Especie"
"250","urn:lsid:catalogueoflife.org:taxon:15d5586c-d35f-11e6-9d3f-bc764e092680:col20170428","Endémico para: Colombia","Siluriformes","Astroblepidae","Astroblepus","Astroblepus jimenezae","Especie"
"251","urn:lsid:zoobank.org:act:C978BCB1-33DF-4725-85E4-DCFFC2CCA0B1","Endémico para: Colombia","Siluriformes","Astroblepidae","Astroblepus","Astroblepus jurubidae","Especie"
"252","urn:lsid:zoobank.org:act:B6BA43D3-DC34-4787-BF36-47945E9AB731","Endémico para: Colombia","Siluriformes","Astroblepidae","Astroblepus","Astroblepus latidens","Especie"
"253","urn:lsid:zoobank.org:act:47A48835-131B-4DB3-BC82-D650BC85AE25","Endémico para: Colombia","Siluriformes","Astroblepidae","Astroblepus","Astroblepus mariae","Especie"
"254","urn:lsid:zoobank.org:act:E5BDC29E-B54F-4DC6-BF0F-ABDFB59E330C","Endémico para: Colombia","Siluriformes","Astroblepidae","Astroblepus","Astroblepus marmoratus","Especie"
"255","urn:lsid:catalogueoflife.org:taxon:15d5571f-d35f-11e6-9d3f-bc764e092680:col20170428","Endémico para: Colombia","Siluriformes","Astroblepidae","Astroblepus","Astroblepus martinezi","Especie"
"256","urn:lsid:zoobank.org:act:07A606CD-C413-495F-8D40-AD891BF18975","Endémico para: Colombia","Siluriformes","Astroblepidae","Astroblepus","Astroblepus micrescens","Especie"
"257","urn:lsid:zoobank.org:act:AD5A84CA-8A7F-4D52-B3D2-54E7CCB620B4","Endémico para: Colombia","Siluriformes","Astroblepidae","Astroblepus","Astroblepus mojicai","Especie"
"258","urn:lsid:zoobank.org:act:80A113D4-73FB-47A6-928B-30968705888A","Endémico para: Colombia","Siluriformes","Astroblepidae","Astroblepus","Astroblepus nettoferreirai","Especie"
"259","urn:lsid:zoobank.org:act:6C86251E-20C9-4C31-8156-00056978838C","Endémico para: Colombia","Siluriformes","Astroblepidae","Astroblepus","Astroblepus nicefori","Especie"
"260","urn:lsid:zoobank.org:act:39D5C290-51B9-4C29-9E3D-19B895297B7B","Endémico para: Colombia","Siluriformes","Astroblepidae","Astroblepus","Astroblepus onzagaensis","Especie"
"261","urn:lsid:zoobank.org:act:BB0DB433-E7B8-49B4-8367-EDE74DA31DC7","Endémico para: Colombia","Siluriformes","Astroblepidae","Astroblepus","Astroblepus pradai","Especie"
"262","urn:lsid:zoobank.org:act:8F646258-CB04-49F3-A9F8-ECB13F4606FF","Endémico para: Colombia","Siluriformes","Astroblepidae","Astroblepus","Astroblepus putumayoensis","Especie"
"263","urn:lsid:zoobank.org:act:4956ED70-EA4C-46C7-9764-AD363CED7889","Endémico para: Colombia","Siluriformes","Astroblepidae","Astroblepus","Astroblepus rengifoi","Especie"
"264","urn:lsid:zoobank.org:act:A3DFCE6D-221A-47B1-841F-B46E61FB5224","Endémico para: Colombia","Siluriformes","Astroblepidae","Astroblepus","Astroblepus retropinnus","Especie"
"265","urn:lsid:zoobank.org:act:5ADF1374-D900-4458-BDFB-8A0C64413E05","Endémico para: Colombia","Siluriformes","Astroblepidae","Astroblepus","Astroblepus rivasae","Especie"
"266","urn:lsid:zoobank.org:act:07886D72-A297-417D-ADC4-8E6DF372F228","Endémico para: Colombia","Siluriformes","Astroblepidae","Astroblepus","Astroblepus santanderensis","Especie"
"267","urn:lsid:zoobank.org:act:84145982-A8AA-4120-8B17-67371B04CBFB","Endémico para: Colombia","Siluriformes","Astroblepidae","Astroblepus","Astroblepus trifasciatus","Especie"
"268","urn:lsid:zoobank.org:act:DB44B16E-1D2E-4E7A-82D8-0BD8EA95740E","Endémico para: Colombia","Siluriformes","Astroblepidae","Astroblepus","Astroblepus unifasciatus","Especie"
"269","urn:lsid:zoobank.org:act:AF3476CE-77F7-4A28-8321-D488B92602A9","Endémico para: Colombia","Siluriformes","Astroblepidae","Astroblepus","Astroblepus ventralis","Especie"
"270","urn:lsid:zoobank.org:act:A46086BC-95CB-4D68-B6A1-72E601EFA0D5","Endémico para: Colombia","Siluriformes","Astroblepidae","Astroblepus","Astroblepus verai","Especie"
"271","urn:lsid:zoobank.org:act:4B11EA31-A237-489F-8583-6469A2B4532F","Endémico para: Colombia","Siluriformes","Loricariidae","Acestridium","Acestridium colombiensis","Especie"
"272","urn:lsid:zoobank.org:act:83E85E43-C629-41B3-913F-2E9558ADEC35","Endémico para: Colombia","Siluriformes","Loricariidae","Parotocinclus","Parotocinclus variola","Especie"
"273","urn:lsid:zoobank.org:act:986137E4-91CA-4567-B91F-0E5BEE842C34","Endémico para: Colombia","Siluriformes","Loricariidae","Farlowella","Farlowella colombiensis","Especie"
"274","urn:lsid:zoobank.org:act:0D93A2E9-F5C7-4047-9E93-594B7CFAF3AE","Endémico para: Colombia","Siluriformes","Loricariidae","Farlowella","Farlowella gracilis","Especie"
"275","urn:lsid:zoobank.org:act:4C370218-CB72-4122-B22A-0FAB95412200","Endémico para: Colombia","Siluriformes","Loricariidae","Farlowella","Farlowella mitoupibo","Especie"
"276","urn:lsid:catalogueoflife.org:taxon:15daa156-d35f-11e6-9d3f-bc764e092680:col20170428","Endémico para: Colombia","Siluriformes","Loricariidae","Farlowella","Farlowella yarigui","Especie"
"277","urn:lsid:zoobank.org:act:72209894-1030-4218-B06E-E80B243170D2","Endémico para: Colombia","Siluriformes","Loricariidae","Sturisomatichthys","Sturisomatichthys aureus","Especie"
"278","urn:lsid:zoobank.org:act:BB122342-9200-4205-BF00-F26A0665AF26","Endémico para: Colombia","Siluriformes","Loricariidae","Sturisomatichthys","Sturisomatichthys caquetae","Especie"
"279","urn:lsid:zoobank.org:act:03E476CF-45F7-4B60-9251-1D46C6C4A840","Endémico para: Colombia","Siluriformes","Loricariidae","Sturisomatichthys","Sturisomatichthys guaitipan","Especie"
"280","urn:lsid:zoobank.org:act:AA426FE2-6B69-4D5C-9CC4-4C6D782ACF7D","Endémico para: Colombia","Siluriformes","Loricariidae","Sturisomatichthys","Sturisomatichthys leightoni","Especie"
"281","urn:lsid:zoobank.org:act:8F1FF661-827A-40E0-8CF2-6C97B9B3BC17","Endémico para: Colombia","Siluriformes","Loricariidae","Sturisomatichthys","Sturisomatichthys reinae","Especie"
"282","urn:lsid:zoobank.org:act:E6156504-A414-4E4D-9F93-648E89528C71","Endémico para: Colombia","Siluriformes","Loricariidae","Sturisomatichthys","Sturisomatichthys tamanae","Especie"
"283","urn:lsid:zoobank.org:act:7E985803-31B2-4E56-819C-7EE871425079","Endémico para: Colombia","Siluriformes","Loricariidae","Sturisomatichthys","Sturisomatichthys varii","Especie"
"284","urn:lsid:zoobank.org:act:DACD2406-841F-438C-90B4-A6B0FD292A4A","Endémico para: Colombia","Siluriformes","Loricariidae","Crossoloricaria","Crossoloricaria cephalaspis","Especie"
"285","urn:lsid:zoobank.org:act:9D689322-8BCC-4CAB-9C3E-62081835CCDC","Endémico para: Colombia","Siluriformes","Loricariidae","Dasyloricaria","Dasyloricaria paucisquama","Especie"
"286","urn:lsid:zoobank.org:act:51DFCC3F-7A0E-4E08-B6D9-EA4ED48D026F","Endémico para: Colombia","Siluriformes","Loricariidae","Rhadinoloricaria","Rhadinoloricaria listrorhinos","Especie"
"287","urn:lsid:zoobank.org:act:9146600D-23B7-4416-9180-4B047B6C9925","Endémico para: Colombia","Siluriformes","Loricariidae","Rineloricaria","Rineloricaria sneiderni","Especie"
"288","urn:lsid:zoobank.org:act:B5D07481-919B-4D3A-9655-65A401AB62C3","Endémico para: Colombia","Siluriformes","Loricariidae","Spatuloricaria","Spatuloricaria atratoensis","Especie"
"289","urn:lsid:zoobank.org:act:E83A6521-C2F6-44F1-B998-A5913858627E","Endémico para: Colombia","Siluriformes","Loricariidae","Spatuloricaria","Spatuloricaria caquetae","Especie"
"290","urn:lsid:zoobank.org:act:A03820E1-27FC-4CAC-8620-49D0B82A3144","Endémico para: Colombia","Siluriformes","Loricariidae","Spatuloricaria","Spatuloricaria curvispina","Especie"
"291","urn:lsid:zoobank.org:act:66068E43-BDF0-4353-8EC0-CB70FF81CE7D","Endémico para: Colombia","Siluriformes","Loricariidae","Spatuloricaria","Spatuloricaria euacanthagenys","Especie"
"292","urn:lsid:zoobank.org:act:9418846D-262A-4292-8EBA-6E698B8F1FDD","Endémico para: Colombia","Siluriformes","Loricariidae","Spatuloricaria","Spatuloricaria gymnogaster","Especie"
"293","urn:lsid:zoobank.org:act:2091F898-287F-4F73-AA10-0B048C131BD2","Endémico para: Colombia","Siluriformes","Loricariidae","Chaetostoma","Chaetostoma aburrense","Especie"
"294","urn:lsid:zoobank.org:act:B5955C04-B73D-4936-8148-EA7FF292C162","Endémico para: Colombia","Siluriformes","Loricariidae","Chaetostoma","Chaetostoma anale","Especie"
"295","urn:lsid:zoobank.org:act:2813D0D5-A61C-4327-9DF2-8FD94391B7C0","Endémico para: Colombia","Siluriformes","Loricariidae","Chaetostoma","Chaetostoma brevilabiatum","Especie"
"296","urn:lsid:zoobank.org:act:9C295650-A7F1-4A48-8D1C-1B166F4B0574","Endémico para: Colombia","Siluriformes","Loricariidae","Chaetostoma","Chaetostoma floridablancaense","Especie"
"297","urn:lsid:catalogueoflife.org:taxon:15eda9be-d35f-11e6-9d3f-bc764e092680:col20170428","Endémico para: Colombia","Siluriformes","Loricariidae","Chaetostoma","Chaetostoma formosae","Especie"
"298","urn:lsid:zoobank.org:act:F5943833-DA30-45CF-A9BB-CF4DA070F416","Endémico para: Colombia","Siluriformes","Loricariidae","Chaetostoma","Chaetostoma lepturum","Especie"
"299","urn:lsid:zoobank.org:act:20EC4987-6505-49C8-9B92-7F558DFC3D67","Endémico para: Colombia","Siluriformes","Loricariidae","Chaetostoma","Chaetostoma leucomelas","Especie"
"300","urn:lsid:zoobank.org:act:9269D542-468C-460C-BDB1-FF5D16551AC6","Endémico para: Colombia","Siluriformes","Loricariidae","Chaetostoma","Chaetostoma milesi","Especie"
"301","urn:lsid:zoobank.org:act:D951CDEE-A64C-42F6-9D49-E146929EAC76","Endémico para: Colombia","Siluriformes","Loricariidae","Chaetostoma","Chaetostoma niveum","Especie"
"302","urn:lsid:zoobank.org:act:A866E2E9-9C4E-432A-AD08-45EAC46B57B9","Endémico para: Colombia","Siluriformes","Loricariidae","Chaetostoma","Chaetostoma palmeri","Especie"
"303","urn:lsid:zoobank.org:act:9CC851A2-DFB2-430D-AF8B-CE1EFA9EEA27","Endémico para: Colombia","Siluriformes","Loricariidae","Chaetostoma","Chaetostoma patiae","Especie"
"304","urn:lsid:zoobank.org:act:CA341E9B-A69C-43EE-B1AD-3DA4E089C698","Endémico para: Colombia","Siluriformes","Loricariidae","Chaetostoma","Chaetostoma paucispinis","Especie"
"305","urn:lsid:zoobank.org:act:0A945518-91C4-43B9-B534-DD6ECB61489E","Endémico para: Colombia","Siluriformes","Loricariidae","Chaetostoma","Chaetostoma thomsoni","Especie"
"306","urn:lsid:zoobank.org:act:B82DE99B-33F6-4436-822F-6EE89A83BCB3","Endémico para: Colombia","Siluriformes","Loricariidae","Chaetostoma","Chaetostoma vagum","Especie"
"307","urn:lsid:zoobank.org:act:6662ECE6-3E66-4925-BED9-E77EA5F33AAF","Endémico para: Colombia","Siluriformes","Loricariidae","Cordylancistrus","Cordylancistrus daguae","Especie"
"308","urn:lsid:zoobank.org:act:15261452-3CC5-4CC1-A132-9A68CD51C90E","Endémico para: Colombia","Siluriformes","Loricariidae","Cordylancistrus","Cordylancistrus pijao","Especie"
"309","urn:lsid:zoobank.org:act:1E0908F5-738E-473D-B3CE-D291D897E77C","Endémico para: Colombia","Siluriformes","Loricariidae","Cordylancistrus","Cordylancistrus setosus","Especie"
"310","urn:lsid:zoobank.org:act:6C436E50-3DDA-46FC-87A7-FF6D220EDB57","Endémico para: Colombia","Siluriformes","Loricariidae","Cordylancistrus","Cordylancistrus tayrona","Especie"
"311","urn:lsid:zoobank.org:act:804553B4-4278-4BB4-A968-73E50F5BA78E","Endémico para: Colombia","Siluriformes","Loricariidae","Dolichancistrus","Dolichancistrus atratoensis","Especie"
"312","urn:lsid:zoobank.org:act:FC30BA4A-E02E-4221-9EB2-6C66B1EB7EA6","Endémico para: Colombia","Siluriformes","Loricariidae","Dolichancistrus","Dolichancistrus carnegiei","Especie"
"313","urn:lsid:zoobank.org:act:1CFB075B-682E-492D-9CD2-354FD3BF3294","Endémico para: Colombia","Siluriformes","Loricariidae","Dolichancistrus","Dolichancistrus fuesslii","Especie"
"314","urn:lsid:zoobank.org:act:1C1B93E7-508A-4B0B-A641-672B742934F1","Endémico para: Colombia","Siluriformes","Loricariidae","Leptoancistrus","Leptoancistrus cordobensis","Especie"
"315","urn:lsid:zoobank.org:act:AD64F288-DDA1-43A2-B39F-B816E4BFA4E4","Endémico para: Colombia","Siluriformes","Loricariidae","Panaque","Panaque cochliodon","Especie"
"316","urn:lsid:zoobank.org:act:BF9B65B1-B4EA-4DBB-AD22-2B26D07A98FF","Endémico para: Colombia","Siluriformes","Loricariidae","‘Hypostomus’","Hypostomus holostictus","Especie"
"317","urn:lsid:zoobank.org:act:F22B9297-BFF5-45B3-8429-52E73EACAE33","Endémico para: Colombia","Siluriformes","Loricariidae","Hypostomus","Hypostomus niceforoi","Especie"
"318","urn:lsid:zoobank.org:act:FC37796C-31F6-4D96-B8A7-08B1BC56ABDC","Endémico para: Colombia","Siluriformes","Loricariidae","Hypostomus","Hypostomus wilsoni","Especie"
"319","urn:lsid:zoobank.org:act:48DDFE25-3C36-4A15-8FA0-2029F699A4FB","Endémico para: Colombia","Siluriformes","Loricariidae","Isorineloricaria","Isorineloricaria tenuicauda","Especie"
"320","urn:lsid:zoobank.org:act:7E53896F-1FBC-4FD0-99D8-4C6E2CD8CDCE","Endémico para: Colombia","Siluriformes","Loricariidae","Pterygoplichthys","Pterygoplichthys undecimalis","Especie"
"321","urn:lsid:zoobank.org:act:EF65D67E-46A7-428F-8427-4B9C9DD0FFD4","Endémico para: Colombia","Siluriformes","Loricariidae","Ancistrus","Ancistrus caucanus","Especie"
"322","urn:lsid:zoobank.org:act:D829D455-1304-49ED-B2C4-547D98277AB0","Endémico para: Colombia","Siluriformes","Loricariidae","Ancistrus","Ancistrus centrolepis","Especie"
"323","urn:lsid:zoobank.org:act:78AE87C0-09B4-4BD5-863F-A6FB12249089","Endémico para: Colombia","Siluriformes","Loricariidae","Ancistrus","Ancistrus lineolatus","Especie"
"324","urn:lsid:catalogueoflife.org:taxon:15e564d0-d35f-11e6-9d3f-bc764e092680:col20170428","Endémico para: Colombia","Siluriformes","Loricariidae","Ancistrus","Ancistrus tolima","Especie"
"325","urn:lsid:catalogueoflife.org:taxon:15e56769-d35f-11e6-9d3f-bc764e092680:col20170428","Endémico para: Colombia","Siluriformes","Loricariidae","Ancistrus","Ancistrus vericaucanus","Especie"
"326","urn:lsid:zoobank.org:act:E0EAF7E0-CD90-4C1D-9074-484263204721","Endémico para: Colombia","Siluriformes","Cetopsidae","Cetopsis","Cetopsis baudoensis","Especie"
"327","urn:lsid:zoobank.org:act:F39AF946-CCCF-49EB-AB50-E4C2CD85F300","Endémico para: Colombia","Siluriformes","Cetopsidae","Cetopsis","Cetopsis fimbriata","Especie"
"328","urn:lsid:zoobank.org:act:5365B30F-0526-4B9E-8893-3A6195115E26","Endémico para: Colombia","Siluriformes","Cetopsidae","Cetopsis","Cetopsis jurubidae","Especie"
"329","urn:lsid:zoobank.org:act:F642D2B6-8AFA-4928-B0CB-7FA5B81D3A4A","Endémico para: Colombia","Siluriformes","Cetopsidae","Cetopsis","Cetopsis othonops","Especie"
"330","urn:lsid:zoobank.org:act:53A3EE34-4728-4E61-A7BE-E6495FE91362","Endémico para: Colombia","Siluriformes","Cetopsidae","Cetopsis","Cetopsis umbrosa","Especie"
"331","urn:lsid:zoobank.org:act:5234BAB4-C3C3-48D5-9DE9-1F29BF9A6BDE","Endémico para: Colombia","Siluriformes","Cetopsidae","Cetopsis","Cetopsis varii","Especie"
"332","urn:lsid:zoobank.org:act:46CD9435-FC60-47D2-9B87-935918043947","Endémico para: Colombia","Siluriformes","Cetopsidae","Helogenes","Helogenes castaneus","Especie"
"333","urn:lsid:zoobank.org:act:AA6F50ED-FD77-4DBC-90A9-5058AB6B4688","Endémico para: Colombia","Siluriformes","Aspredinidae","Bunocephalus","Bunocephalus colombianus","Especie"
"334","urn:lsid:zoobank.org:act:C500C311-21C4-416A-9C40-F2501FAF202E","Endémico para: Colombia","Siluriformes","Aspredinidae","Xyliphius","Xyliphius magdalenae","Especie"
"335","urn:lsid:zoobank.org:act:5F0ABDB2-FFA4-4B0A-9F5B-334589709013","Endémico para: Colombia","Siluriformes","Auchenipteridae","Duringlanis","Duringlanis altae","Especie"
"336","urn:lsid:zoobank.org:act:55015445-2104-44CC-AFAA-8E414697AF41","Endémico para: Colombia","Siluriformes","Auchenipteridae","Trachelyopterus","Trachelyopterus fisheri","Especie"
"337","urn:lsid:zoobank.org:act:26C38C92-1630-409A-916E-28D23BF3E5C1","Endémico para: Colombia","Siluriformes","Auchenipteridae","Trachelyopterus","Trachelyopterus insignis","Especie"
"338","urn:lsid:zoobank.org:act:68B1E2A4-6D98-40B4-99DB-635180488725","Endémico para: Colombia","Siluriformes","Doradidae","Centrochir","Centrochir crocodili","Especie"
"339","urn:lsid:zoobank.org:act:5FF48AB5-5B80-4F9A-A934-9596E746635D","Endémico para: Colombia","Siluriformes","Ariidae","Notarius","Notarius bonillai","Especie"
"340","urn:lsid:zoobank.org:act:54923EC2-77F3-49E2-9E78-C2C452CD317B","Endémico para: Colombia","Siluriformes","Heptapteridae","Cetopsorhamdia","Cetopsorhamdia boquillae","Especie"
"341","urn:lsid:zoobank.org:act:8E4E454A-8DE4-44F3-90B0-25C7A49CFDF9","Endémico para: Colombia","Siluriformes","Heptapteridae","Cetopsorhamdia","Cetopsorhamdia molinae","Especie"
"342","urn:lsid:zoobank.org:act:1ADB67EC-3971-405B-9ED2-760E434656AA","Endémico para: Colombia","Siluriformes","Heptapteridae","Cetopsorhamdia","Cetopsorhamdia nasus","Especie"
"343","urn:lsid:zoobank.org:act:F8ABE1EE-7874-4E35-BB79-7225F90BA800","Endémico para: Colombia","Siluriformes","Heptapteridae","Chasmocranus","Chasmocranus rosae","Especie"
"344","urn:lsid:zoobank.org:act:7B102A22-D26E-40B2-98EC-5816D522D28D","Endémico para: Colombia","Siluriformes","Heptapteridae","Imparfinis","Imparfinis microps","Especie"
"345","urn:lsid:zoobank.org:act:ECE40B60-36A0-4845-9F53-8B7521D43C59","Endémico para: Colombia","Siluriformes","Heptapteridae","Imparfinis","Imparfinis spurrellii","Especie"
"346","urn:lsid:catalogueoflife.org:taxon:15ed2fab-d35f-11e6-9d3f-bc764e092680:col20170428","Endémico para: Colombia","Siluriformes","Heptapteridae","Imparfinis","Imparfinis timana","Especie"
"347","urn:lsid:catalogueoflife.org:taxon:15ed2bb4-d35f-11e6-9d3f-bc764e092680:col20170428","Endémico para: Colombia","Siluriformes","Heptapteridae","Imparfinis","Imparfinis usmai","Especie"
"348","urn:lsid:zoobank.org:act:B1A5A656-1ACC-4112-9C52-F7D7BD892718","Endémico para: Colombia","Siluriformes","Heptapteridae","Nemuroglanis","Nemuroglanis mariai","Especie"
"349","urn:lsid:zoobank.org:act:49A3552D-7714-47E1-9627-BAA582B00772","Endémico para: Colombia","Siluriformes","Heptapteridae","Phenacorhamdia","Phenacorhamdia macarenensis","Especie"
"350","urn:lsid:zoobank.org:act:5BFF5E32-E04F-4E35-8C52-F508344B4482","Endémico para: Colombia","Siluriformes","Heptapteridae","Pimelodella","Pimelodella conquetaensis","Especie"
"351","urn:lsid:zoobank.org:act:F374B124-21E9-49D6-8B1A-049774D025F6","Endémico para: Colombia","Siluriformes","Heptapteridae","Pimelodella","Pimelodella eutaenia","Especie"
"352","urn:lsid:zoobank.org:act:5F98C270-4EB8-44D7-961B-F07370412B9B","Endémico para: Colombia","Siluriformes","Heptapteridae","Pimelodella","Pimelodella figueroai","Especie"
"353","urn:lsid:zoobank.org:act:6717605B-5C90-4F53-A406-618512F23E29","Endémico para: Colombia","Siluriformes","Heptapteridae","Pimelodella","Pimelodella floridablancaensis","Especie"
"354","urn:lsid:zoobank.org:act:0FC94520-E3BE-4948-8B69-B5A96B646552","Endémico para: Colombia","Siluriformes","Heptapteridae","Pimelodella","Pimelodella macrocephala","Especie"
"355","urn:lsid:zoobank.org:act:946C2CDA-5AA4-4D5A-98CC-9D32138CEC72","Endémico para: Colombia","Siluriformes","Heptapteridae","Pimelodella","Pimelodella reyesi","Especie"
"356","urn:lsid:zoobank.org:act:EB2DEC53-73D1-47DD-83D4-A9EC1E87B53F","Endémico para: Colombia","Siluriformes","Heptapteridae","Pimelodella","Pimelodella yaharo","Especie"
"357","urn:lsid:zoobank.org:act:D0D7DC43-88C5-4FE1-AE7C-107BA96B8E32","Endémico para: Colombia","Siluriformes","Heptapteridae","Rhamdia","Rhamdia saijaensis","Especie"
"358","urn:lsid:zoobank.org:act:EA2D3A0C-8996-409A-872D-7D488312E16D","Endémico para: Colombia","Siluriformes","Pimelodidae","Megalonema","Megalonema xanthum","Especie"
"359","urn:lsid:zoobank.org:act:2EE92D7E-9C57-4072-A9EA-E33102282B57","Endémico para: Colombia","Siluriformes","Pimelodidae","Pimelodus","Pimelodus crypticus","Especie"
"360","urn:lsid:zoobank.org:act:0E9B911C-6F4F-47A1-B67A-45AD9322492E","Endémico para: Colombia","Siluriformes","Pimelodidae","Pimelodus","Pimelodus garciabarrigai","Especie"
"361","urn:lsid:zoobank.org:act:2F2E6DC7-F693-4339-892E-CBD5B2AED193","Endémico para: Colombia","Siluriformes","Pimelodidae","Pimelodus","Pimelodus grosskopfii","Especie"
"362","urn:lsid:zoobank.org:act:A2FE77A8-417D-4599-BD14-E3E2BDEAA5A8","Endémico para: Colombia","Siluriformes","Pimelodidae","Pimelodus","Pimelodus yuma","Especie"
"363","urn:lsid:catalogueoflife.org:taxon:1818450b-d35f-11e6-9d3f-bc764e092680:col20170428","Endémico para: Colombia","Siluriformes","Pimelodidae","Pseudoplatystoma","Pseudoplatystoma magdaleniatum","Especie"
"364","urn:lsid:catalogueoflife.org:taxon:1822ea64-d35f-11e6-9d3f-bc764e092680:col20170428","Endémico para: Colombia","Siluriformes","Pseudopimelodidae","Cruciglanis","Cruciglanis pacifici","Especie"
"365","urn:lsid:zoobank.org:act:B7C6CA2C-9F26-4FA1-BB67-90E92DA5B703","Endémico para: Colombia","Siluriformes","Pseudopimelodidae","Pseudopimelodus","Pseudopimelodus schultzi","Especie"
"366","urn:lsid:zoobank.org:act:5D5B0A27-7ABA-4C26-962F-613C042BF8B5","Endémico para: Colombia","Batrachoidiformes","Batrachoididae","Daector","Daector gerringi","Especie"
"367","urn:lsid:zoobank.org:act:2CD32357-18D7-46CA-997C-FA1F117C4C12","Endémico para: Colombia","Batrachoidiformes","Batrachoididae","Daector","Daector quadrizonatus","Especie"
"368","urn:lsid:catalogueoflife.org:taxon:15e2d0da-d35f-11e6-9d3f-bc764e092680:col20170428","Endémico para: Colombia","Carangiformes","Achiridae","Trinectes","Trinectes hubbsbollinger","Especie"
"369","urn:lsid:zoobank.org:act:A12BDEF6-0B4A-413C-BAD8-0CE52F56C3A6","Endémico para: Colombia","Cichliformes","Cichlidae","Geophagus","Geophagus pellegrini","Especie"
"370","urn:lsid:zoobank.org:act:5976253B-5FBF-42BA-A58A-117038CA0913","Endémico para: Colombia","Cichliformes","Cichlidae","Apistogramma","Apistogramma alacrina","Especie"
"371","urn:lsid:zoobank.org:act:994FA6C0-3B45-4312-832D-F77CAA038D1E","Endémico para: Colombia","Cichliformes","Cichlidae","Apistogramma","Apistogramma iniridae","Especie"
"372","urn:lsid:catalogueoflife.org:taxon:15e7ee94-d35f-11e6-9d3f-bc764e092680:col20170428","Endémico para: Colombia","Cichliformes","Cichlidae","Apistogramma","Apistogramma lineata","Especie"
"373","urn:lsid:zoobank.org:act:1CC7A739-DA6C-4B03-82BC-1600DCDDC7C3","Endémico para: Colombia","Cichliformes","Cichlidae","Apistogramma","Apistogramma macmasteri","Especie"
"374","urn:lsid:zoobank.org:act:367B9A41-6BB6-4CAF-B8E0-D9DB106FD872","Endémico para: Colombia","Cichliformes","Cichlidae","Andinoacara","Andinoacara biseriatus","Especie"
"375","urn:lsid:zoobank.org:act:4DC1188F-73DA-4963-B618-E1793AA77BDF","Endémico para: Colombia","Cichliformes","Cichlidae","Andinoacara","Andinoacara latifrons","Especie"
"376","urn:lsid:zoobank.org:act:D5CEC465-56C6-4AFA-ACAF-D77F1D45265B","Endémico para: Colombia","Cichliformes","Cichlidae","Bujurquina","Bujurquina mariae","Especie"
"377","urn:lsid:zoobank.org:act:228E73E8-3EF4-4869-A104-C8ECEB82B536","Endémico para: Colombia","Cichliformes","Cichlidae","Chocoheros","Chocoheros microlepis","Especie"
"378","urn:lsid:zoobank.org:act:6FDAC80A-04E4-42B9-B4B7-0A0FAE32C3A4","Endémico para: Colombia","Cichliformes","Cichlidae","Mesoheros","Mesoheros atromaculatus","Especie"
"379","urn:lsid:zoobank.org:act:16BFA389-1F0B-47F3-871A-E6B93E2ACC13","Endémico para: Colombia","Cichliformes","Cichlidae","Mesoheros","Mesoheros gephyrum","Especie"
"380","urn:lsid:zoobank.org:act:12762877-CE05-4441-8882-F89312533448","Endémico para: Colombia","Cyprinodontiformes","Rivulidae","Rachovia","Rachovia myersi","Especie"
"381","urn:lsid:zoobank.org:act:CAEEAC49-A47D-410B-9FCE-EB0C87D5B2F9","Endémico para: Colombia","Cyprinodontiformes","Rivulidae","Rivulus","Rivulus corpulentus","Especie"
"382","urn:lsid:zoobank.org:act:E9BAB7B4-2352-487C-B98C-63B3F17B31DB","Endémico para: Colombia","Cyprinodontiformes","Rivulidae","Rivulus","Rivulus taeniatus","Especie"
"383","urn:lsid:zoobank.org:act:076BD18A-68FA-41D5-8A04-461708F9648D","Endémico para: Colombia","Cyprinodontiformes","Rivulidae","Rivulus","Rivulus tessellatus","Especie"
"384","urn:lsid:zoobank.org:act:95425FE9-85E5-4D76-96C7-870B462A1B8D","Endémico para: Colombia","Cyprinodontiformes","Rivulidae","Rivulus","Rivulus azurescens","Especie"
"385","urn:lsid:zoobank.org:act:8BBD608E-225B-41A1-8E1A-32ADA6F31BEA","Endémico para: Colombia","Cyprinodontiformes","Rivulidae","Rivulus","Rivulus boehlkei","Especie"
"386","urn:lsid:zoobank.org:act:E2E85C20-EAE6-4A36-A955-A2D3BC3BDD5D","Endémico para: Colombia","Cyprinodontiformes","Rivulidae","Rivulus","Rivulus elegans","Especie"
"387","urn:lsid:zoobank.org:act:88F45840-3DC1-4A6C-9C59-00F6180A0C31","Endémico para: Colombia","Cyprinodontiformes","Rivulidae","Rivulus","Rivulus leucurus","Especie"
"388","urn:lsid:zoobank.org:act:6D76B452-0B66-4337-BDF2-184F8A03A807","Endémico para: Colombia","Cyprinodontiformes","Rivulidae","Rivulus","Rivulus magdalenae","Especie"
"389","urn:lsid:zoobank.org:act:D30564C7-9A87-4845-A46A-DD78D9C83EF1","Endémico para: Colombia","Cyprinodontiformes","Rivulidae","Rivulus","Rivulus pacificus","Especie"
"390","urn:lsid:zoobank.org:act:026B10BD-D9B7-4E7B-8C96-8FBC673D0C0D","Endémico para: Colombia","Cyprinodontiformes","Rivulidae","Rivulus","Rivulus pivijay","Especie"
"391","urn:lsid:zoobank.org:act:1E4B7BC9-689C-4B6E-8ED0-36E37849F5D3","Endémico para: Colombia","Cyprinodontiformes","Rivulidae","Rivulus","Rivulus ribesrubrum","Especie"
"392","urn:lsid:zoobank.org:act:BBA358E2-AF99-4496-8E32-6FF44AEEFCB3","Endémico para: Colombia","Cyprinodontiformes","Rivulidae","Rivulus","Rivulus xi","Especie"
"393","urn:lsid:zoobank.org:act:F01B9379-2DA1-40AB-842B-F0DFC2CB2BD3","Endémico para: Colombia","Cyprinodontiformes","Rivulidae","Rivulus","Rivulus altivelis","Especie"
"394","urn:lsid:zoobank.org:act:A25E4F55-4D41-43E5-96E1-8B95DC629345","Endémico para: Colombia","Cyprinodontiformes","Rivulidae","Rivulus","Rivulus leticia","Especie"
"395","urn:lsid:zoobank.org:act:69332588-90DC-4414-985D-A388AC11E99A","Endémico para: Colombia","Cyprinodontiformes","Cyprinodontidae","Yssolebias","Yssolebias martae","Especie"
"396","urn:lsid:zoobank.org:act:FDBFEC59-370C-4A5E-87F1-7F446511729","Endémico para: Colombia","Cyprinodontiformes","Poeciliidae","Gambusia","Gambusia lemaitrei","Especie"
"397","urn:lsid:zoobank.org:act:20B481D2-3E03-40D8-8414-D23614D1DE41","Endémico para: Colombia","Cyprinodontiformes","Poeciliidae","Gambusia","Gambusia meadi","Especie"
"398","urn:lsid:zoobank.org:act:3D61A105-AF22-4104-8D30-02510506EDFC","Endémico para: Colombia","Cyprinodontiformes","Poeciliidae","Neoheterandria","Neoheterandria elegans","Especie"
"399","urn:lsid:zoobank.org:act:89A88901-9341-45FB-B0B5-2FD71DE80C02","Endémico para: Colombia","Cyprinodontiformes","Poeciliidae","Priapichthys","Priapichthys caliensis","Especie"
"400","urn:lsid:zoobank.org:act:49D3FDE7-EDD3-49AE-8998-5BC195E306A0","Endémico para: Colombia","Cyprinodontiformes","Poeciliidae","Priapichthys","Priapichthys nigroventralis","Especie"
"401","urn:lsid:zoobank.org:act:06FFCCDF-F5D6-4BC5-A0DB-11B4B7A0A5EC","Endémico para: Colombia","Cyprinodontiformes","Poeciliidae","Diphyacantha","Diphyacantha chocoensis","Especie"
"402","urn:lsid:zoobank.org:act:1ED8E2BD-F800-4A64-AB0B-AF6ED35196E2","Endémico para: Colombia","Cyprinodontiformes","Poeciliidae","Pseudopoecilia","Pseudopoecilia austrocolumbiana","Especie"
"403","urn:lsid:zoobank.org:act:A59ECA5E-8C7A-4303-B851-03374AC6DDD2","Endémico para: Colombia","Cyprinodontiformes","Poeciliidae","Poecilia","Poecilia mechthildae","Especie"
